loss,status
-0.5733004752764829,ok
-0.5738542333120069,ok
