loss,status
-0.001007205313347348,ok
-0.0006748377662005301,ok
-0.0006752719129878438,ok
-0.0007921274715900435,ok
-0.0007139246869573164,ok
-0.0003831611979404685,ok
-0.0007708588489778509,ok
-0.0008275812692319411,ok
-0.0007556301983365325,ok
-0.000377404563872894,ok
